{"files":{"rails_admin/rails_admin-8bf2e690927d2ede64cb708d4059719872840e8bff2bc37b1d7966ff77ebf532.js":{"logical_path":"rails_admin/rails_admin.js","mtime":"2016-04-24T17:32:46+08:00","size":562534,"digest":"8bf2e690927d2ede64cb708d4059719872840e8bff2bc37b1d7966ff77ebf532","integrity":"sha256-i/LmkJJ9Lt5ky3CNQFlxmHKEDov/K8N7HXlm/3fr9TI="},"rails_admin/rails_admin-9b28ba8dbe6b692267c4aa4ff1e91286793e4d79507612098b903402c49d029c.css":{"logical_path":"rails_admin/rails_admin.css","mtime":"2016-04-24T17:32:46+08:00","size":186129,"digest":"9b28ba8dbe6b692267c4aa4ff1e91286793e4d79507612098b903402c49d029c","integrity":"sha256-myi6jb5raSJnxKpP8ekShnk+TXlQdhIJi5A0AsSdApw="},"rails_admin/aristo/images/bg_fallback-69fe09a001b1a5db2ea587c5ad86945184ca6d0768c6d8a78e744a5f2ba1d5fd.png":{"logical_path":"rails_admin/aristo/images/bg_fallback.png","mtime":"2016-04-08T20:10:54+08:00","size":257,"digest":"69fe09a001b1a5db2ea587c5ad86945184ca6d0768c6d8a78e744a5f2ba1d5fd","integrity":"sha256-af4JoAGxpdsupYfFrYaUUYTKbQdoxtinjnRKXyuh1f0="},"rails_admin/aristo/images/ui-icons_222222_256x240-ee747f0c248c797a4184589cb9921c9eae3e8a9982af90d7d1554949e72ba398.png":{"logical_path":"rails_admin/aristo/images/ui-icons_222222_256x240.png","mtime":"2016-04-08T20:10:54+08:00","size":3702,"digest":"ee747f0c248c797a4184589cb9921c9eae3e8a9982af90d7d1554949e72ba398","integrity":"sha256-7nR/DCSMeXpBhFicuZIcnq4+ipmCr5DX0VVJSecro5g="},"rails_admin/aristo/images/ui-icons_454545_256x240-5d0cf948d7765488899a06be518f8885ef572725e6d8a9733eab7e6b746fce11.png":{"logical_path":"rails_admin/aristo/images/ui-icons_454545_256x240.png","mtime":"2016-04-08T20:10:54+08:00","size":3702,"digest":"5d0cf948d7765488899a06be518f8885ef572725e6d8a9733eab7e6b746fce11","integrity":"sha256-XQz5SNd2VIiJmga+UY+Ihe9XJyXm2KlzPqt+a3RvzhE="},"rails_admin/aristo/images/icon_sprite-34a30806fcba43a2effc9739cb7a370a865199a7d38bfcbc7c2474ef3ff70ded.png":{"logical_path":"rails_admin/aristo/images/icon_sprite.png","mtime":"2016-04-08T20:10:54+08:00","size":2660,"digest":"34a30806fcba43a2effc9739cb7a370a865199a7d38bfcbc7c2474ef3ff70ded","integrity":"sha256-NKMIBvy6Q6Lv/Jc5y3o3CoZRmafTi/y8fCR07z/3De0="},"rails_admin/aristo/images/slider_handles-c90007cd625a8a728d11b98eaf2dcef5578306f831c485244a3dd9fba3f5643c.png":{"logical_path":"rails_admin/aristo/images/slider_handles.png","mtime":"2016-04-08T20:10:54+08:00","size":1383,"digest":"c90007cd625a8a728d11b98eaf2dcef5578306f831c485244a3dd9fba3f5643c","integrity":"sha256-yQAHzWJainKNEbmOry3O9VeDBvgxxIUkSj3Z+6P1ZDw="},"rails_admin/aristo/images/progress_bar-a2ed712d76dcffc7a06918cd389511bca2cf7bb91c12b1d865bf44c7b2c46289.gif":{"logical_path":"rails_admin/aristo/images/progress_bar.gif","mtime":"2016-04-08T20:10:54+08:00","size":494,"digest":"a2ed712d76dcffc7a06918cd389511bca2cf7bb91c12b1d865bf44c7b2c46289","integrity":"sha256-ou1xLXbc/8egaRjNOJURvKLPe7kcErHYZb9Ex7LEYok="},"rails_admin/multiselect/icon_sprite-34a30806fcba43a2effc9739cb7a370a865199a7d38bfcbc7c2474ef3ff70ded.png":{"logical_path":"rails_admin/multiselect/icon_sprite.png","mtime":"2016-04-08T20:10:54+08:00","size":2660,"digest":"34a30806fcba43a2effc9739cb7a370a865199a7d38bfcbc7c2474ef3ff70ded","integrity":"sha256-NKMIBvy6Q6Lv/Jc5y3o3CoZRmafTi/y8fCR07z/3De0="},"rails_admin/multiselect/ui-icon-circle-triangle-n-light-e7daf3169259a9fd6b8177b8e89ff2b964cd3dababd580a46d7fb4eecc07763b.png":{"logical_path":"rails_admin/multiselect/ui-icon-circle-triangle-n-light.png","mtime":"2016-04-08T20:10:54+08:00","size":492,"digest":"e7daf3169259a9fd6b8177b8e89ff2b964cd3dababd580a46d7fb4eecc07763b","integrity":"sha256-59rzFpJZqf1rgXe46J/yuWTNPaur1YCkbX+07swHdjs="},"rails_admin/multiselect/ui-icon-circle-triangle-n-dark-3e5b4d04bfb41e949bf382d5c8796a57e820be71cbcf2a617e3d7cd082096b64.png":{"logical_path":"rails_admin/multiselect/ui-icon-circle-triangle-n-dark.png","mtime":"2016-04-08T20:10:54+08:00","size":348,"digest":"3e5b4d04bfb41e949bf382d5c8796a57e820be71cbcf2a617e3d7cd082096b64","integrity":"sha256-PltNBL+0HpSb84LVyHlqV+ggvnHLzyphfj180IIJa2Q="},"rails_admin/multiselect/ui-icon-circle-triangle-s-light-19a2c581a24251e690ef20f702ed8ba36fd48f244f87512b8bcfecb486c9a04f.png":{"logical_path":"rails_admin/multiselect/ui-icon-circle-triangle-s-light.png","mtime":"2016-04-08T20:10:54+08:00","size":491,"digest":"19a2c581a24251e690ef20f702ed8ba36fd48f244f87512b8bcfecb486c9a04f","integrity":"sha256-GaLFgaJCUeaQ7yD3Au2Lo2/UjyRPh1Eri8/stIbJoE8="},"rails_admin/multiselect/ui-icon-circle-triangle-s-dark-23d5d567f5aa864475d96c07d6f5f1d4da4271ea7033f49438f4c05a74759424.png":{"logical_path":"rails_admin/multiselect/ui-icon-circle-triangle-s-dark.png","mtime":"2016-04-08T20:10:54+08:00","size":348,"digest":"23d5d567f5aa864475d96c07d6f5f1d4da4271ea7033f49438f4c05a74759424","integrity":"sha256-I9XVZ/WqhkR12WwH1vXx1NpCcepwM/SUOPTAWnR1lCQ="},"rails_admin/colorpicker/select2-8ddf680d1a86d603653e43f694bbb6dc1010aa81f5c0c9c87181e10e064e503b.png":{"logical_path":"rails_admin/colorpicker/select2.png","mtime":"2016-04-08T20:10:54+08:00","size":305,"digest":"8ddf680d1a86d603653e43f694bbb6dc1010aa81f5c0c9c87181e10e064e503b","integrity":"sha256-jd9oDRqG1gNlPkP2lLu23BAQqoH1wMnIcYHhDgZOUDs="},"rails_admin/colorpicker/custom_background-94008c06d9c175f1ef2a50ecb47cb7c962e84f4b5f0e1cb093616925c58cb973.png":{"logical_path":"rails_admin/colorpicker/custom_background.png","mtime":"2016-04-08T20:10:54+08:00","size":1708,"digest":"94008c06d9c175f1ef2a50ecb47cb7c962e84f4b5f0e1cb093616925c58cb973","integrity":"sha256-lACMBtnBdfHvKlDstHy3yWLoT0tfDhywk2FpJcWMuXM="},"rails_admin/colorpicker/colorpicker_overlay-e2ca63c25eaada26c255cf0561ba5041081d43735f990291c40b9fe93306c62b.png":{"logical_path":"rails_admin/colorpicker/colorpicker_overlay.png","mtime":"2016-04-08T20:10:54+08:00","size":7006,"digest":"e2ca63c25eaada26c255cf0561ba5041081d43735f990291c40b9fe93306c62b","integrity":"sha256-4spjwl6q2ibCVc8FYbpQQQgdQ3NfmQKRxAuf6TMGxis="},"rails_admin/colorpicker/colorpicker_select-980ae86d6aab751f6f67a1191d78c0fa54b533583456b905ec43b34d5806ee2d.gif":{"logical_path":"rails_admin/colorpicker/colorpicker_select.gif","mtime":"2016-04-08T20:10:54+08:00","size":72,"digest":"980ae86d6aab751f6f67a1191d78c0fa54b533583456b905ec43b34d5806ee2d","integrity":"sha256-mArobWqrdR9vZ6EZHXjA+lS1M1g0VrkF7EOzTVgG7i0="},"rails_admin/colorpicker/custom_indic-855f25240c8d3b60ecdf276eaea891a3325ed64d9a80a8c77c1e82e1dd408fea.gif":{"logical_path":"rails_admin/colorpicker/custom_indic.gif","mtime":"2016-04-08T20:10:54+08:00","size":86,"digest":"855f25240c8d3b60ecdf276eaea891a3325ed64d9a80a8c77c1e82e1dd408fea","integrity":"sha256-hV8lJAyNO2Ds3ydurqiRozJe1k2agKjHfB6C4d1Aj+o="},"rails_admin/colorpicker/custom_hex-1d4e85766443b6349adfc64d74f1ad65fba7aabf22e70dd0d09f1268ac66a4fa.png":{"logical_path":"rails_admin/colorpicker/custom_hex.png","mtime":"2016-04-08T20:10:54+08:00","size":356,"digest":"1d4e85766443b6349adfc64d74f1ad65fba7aabf22e70dd0d09f1268ac66a4fa","integrity":"sha256-HU6FdmRDtjSa38ZNdPGtZfunqr8i5w3Q0J8SaKxmpPo="},"rails_admin/colorpicker/custom_rgb_r-54289ccad89df00514d84ba6d16d1a0abc0d61de95dcfc054bf2202e238a7cb6.png":{"logical_path":"rails_admin/colorpicker/custom_rgb_r.png","mtime":"2016-04-08T20:10:54+08:00","size":727,"digest":"54289ccad89df00514d84ba6d16d1a0abc0d61de95dcfc054bf2202e238a7cb6","integrity":"sha256-VCicytid8AUU2Eum0W0aCrwNYd6V3PwFS/IgLiOKfLY="},"rails_admin/colorpicker/custom_rgb_g-8ab4d41c46fc26080b75eecc6f8c25d8f6db5264cf56ecc4993f86d100ebd71f.png":{"logical_path":"rails_admin/colorpicker/custom_rgb_g.png","mtime":"2016-04-08T20:10:54+08:00","size":780,"digest":"8ab4d41c46fc26080b75eecc6f8c25d8f6db5264cf56ecc4993f86d100ebd71f","integrity":"sha256-irTUHEb8JggLde7Mb4wl2PbbUmTPVuzEmT+G0QDr1x8="},"rails_admin/colorpicker/custom_rgb_b-22f2da1810cd9da18a1f93418b8f45bd3cb676aa9790ad5e1aba37779fb3ac31.png":{"logical_path":"rails_admin/colorpicker/custom_rgb_b.png","mtime":"2016-04-08T20:10:54+08:00","size":722,"digest":"22f2da1810cd9da18a1f93418b8f45bd3cb676aa9790ad5e1aba37779fb3ac31","integrity":"sha256-IvLaGBDNnaGKH5NBi49FvTy2dqqXkK1eGro3d5+zrDE="},"rails_admin/colorpicker/custom_hsb_h-6e77fbf83a497dfd4ed3a12a1783edd9c8e38feac08bfbf469de89b75e3891aa.png":{"logical_path":"rails_admin/colorpicker/custom_hsb_h.png","mtime":"2016-04-08T20:10:54+08:00","size":713,"digest":"6e77fbf83a497dfd4ed3a12a1783edd9c8e38feac08bfbf469de89b75e3891aa","integrity":"sha256-bnf7+DpJff1O06EqF4Pt2cjjj+rAi/v0ad6Jt144kao="},"rails_admin/colorpicker/custom_hsb_s-6103d936e65bff097a72d04443a52428ecb6938909aa4c6a069f561303a8dc5d.png":{"logical_path":"rails_admin/colorpicker/custom_hsb_s.png","mtime":"2016-04-08T20:10:54+08:00","size":877,"digest":"6103d936e65bff097a72d04443a52428ecb6938909aa4c6a069f561303a8dc5d","integrity":"sha256-YQPZNuZb/wl6ctBEQ6UkKOy2k4kJqkxqBp9WEwOo3F0="},"rails_admin/colorpicker/custom_hsb_b-55152fc13f6cf9a7f21b30cf11acd09186e7f1e208d187086befb31bfa666b70.png":{"logical_path":"rails_admin/colorpicker/custom_hsb_b.png","mtime":"2016-04-08T20:10:54+08:00","size":796,"digest":"55152fc13f6cf9a7f21b30cf11acd09186e7f1e208d187086befb31bfa666b70","integrity":"sha256-VRUvwT9s+afyGzDPEazQkYbn8eII0YcIa++zG/pma3A="},"rails_admin/colorpicker/custom_submit-5676ce2923afebd275c74baa8556fafde77085c59a4b2a76e50dc0195f388f19.png":{"logical_path":"rails_admin/colorpicker/custom_submit.png","mtime":"2016-04-08T20:10:54+08:00","size":853,"digest":"5676ce2923afebd275c74baa8556fafde77085c59a4b2a76e50dc0195f388f19","integrity":"sha256-VnbOKSOv69J1x0uqhVb6/edwhcWaSyp25Q3AGV84jxk="},"fontawesome-webfont-e219ece8f4d3e4ac455ef31cd3a7c7b5057ea68a109937fc26b03c6e99ee9322.eot":{"logical_path":"fontawesome-webfont.eot","mtime":"2016-04-08T20:10:52+08:00","size":70807,"digest":"e219ece8f4d3e4ac455ef31cd3a7c7b5057ea68a109937fc26b03c6e99ee9322","integrity":"sha256-4hns6PTT5KxFXvMc06fHtQV+pooQmTf8JrA8bpnukyI="},"fontawesome-webfont-ff82aeed6b9bb6701696c84d1b223d2e682eb78c89117a438ce6cfea8c498995.woff2":{"logical_path":"fontawesome-webfont.woff2","mtime":"2016-04-08T20:10:52+08:00","size":66624,"digest":"ff82aeed6b9bb6701696c84d1b223d2e682eb78c89117a438ce6cfea8c498995","integrity":"sha256-/4Ku7WubtnAWlshNGyI9Lmgut4yJEXpDjObP6oxJiZU="},"fontawesome-webfont-c812ddc9e475d3e65d68a6b3b589ce598a2a5babb7afc55477d59215c4a38a40.woff":{"logical_path":"fontawesome-webfont.woff","mtime":"2016-04-08T20:10:52+08:00","size":83588,"digest":"c812ddc9e475d3e65d68a6b3b589ce598a2a5babb7afc55477d59215c4a38a40","integrity":"sha256-yBLdyeR10+ZdaKaztYnOWYoqW6u3r8VUd9WSFcSjikA="},"fontawesome-webfont-7b5a4320fba0d4c8f79327645b4b9cc875a2ec617a557e849b813918eb733499.ttf":{"logical_path":"fontawesome-webfont.ttf","mtime":"2016-04-08T20:10:52+08:00","size":142072,"digest":"7b5a4320fba0d4c8f79327645b4b9cc875a2ec617a557e849b813918eb733499","integrity":"sha256-e1pDIPug1Mj3kydkW0ucyHWi7GF6VX6Em4E5GOtzNJk="},"fontawesome-webfont-d67041fe5d50eef9ef671643968f7ce6b130eaaaaa2ce4d496b18d0a33aeb87b.svg":{"logical_path":"fontawesome-webfont.svg","mtime":"2016-04-08T20:10:52+08:00","size":365616,"digest":"d67041fe5d50eef9ef671643968f7ce6b130eaaaaa2ce4d496b18d0a33aeb87b","integrity":"sha256-1nBB/l1Q7vnvZxZDlo985rEw6qqqLOTUlrGNCjOuuHs="},"rails_admin/jquery.colorpicker-a7ea0406b601416174a32afc58abfa980cda804b4999c6de5dc352b1fb522305.js":{"logical_path":"rails_admin/jquery.colorpicker.js","mtime":"2016-04-08T20:10:54+08:00","size":10404,"digest":"a7ea0406b601416174a32afc58abfa980cda804b4999c6de5dc352b1fb522305","integrity":"sha256-p+oEBrYBQWF0oyr8WKv6mAzagEtJmcbeXcNSsftSIwU="},"rails_admin/jquery.colorpicker-948429d2d71cda1ec511884b9acb61832b86e631e18567e9f25ae4839a447a24.css":{"logical_path":"rails_admin/jquery.colorpicker.css","mtime":"2016-04-08T20:10:54+08:00","size":4202,"digest":"948429d2d71cda1ec511884b9acb61832b86e631e18567e9f25ae4839a447a24","integrity":"sha256-lIQp0tcc2h7FEYhLmsthgyuG5jHhhWfp8lrkg5pEeiQ="},"background-fcb88933ccbebe2a54800e204c6ee21501351929c0b9e1f2d4dca555c3c43fe9.jpg":{"logical_path":"background.jpg","mtime":"2016-03-23T14:48:59+08:00","size":210821,"digest":"fcb88933ccbebe2a54800e204c6ee21501351929c0b9e1f2d4dca555c3c43fe9","integrity":"sha256-/LiJM8y+vipUgA4gTG7iFQE1GSnAueHy1NylVcPEP+k="},"icon/1-eed40f5de1ece23059c0ece76d7847acc2dd7d0d3d7119ba026553c38fcdbe11.png":{"logical_path":"icon/1.png","mtime":"2016-03-22T19:25:53+08:00","size":4297,"digest":"eed40f5de1ece23059c0ece76d7847acc2dd7d0d3d7119ba026553c38fcdbe11","integrity":"sha256-7tQPXeHs4jBZwOznbXhHrMLdfQ09cRm6AmVTw4/NvhE="},"icon/10-a94c82ae58ddc3c4f2412d2ae6ef15c1649d0508431f00c13121ada5cb5cdc6d.png":{"logical_path":"icon/10.png","mtime":"2016-03-22T19:31:06+08:00","size":3909,"digest":"a94c82ae58ddc3c4f2412d2ae6ef15c1649d0508431f00c13121ada5cb5cdc6d","integrity":"sha256-qUyCrljdw8TyQS0q5u8VwWSdBQhDHwDBMSGtpctc3G0="},"icon/11-32705a9888b327d384b7aee5779869d6bd25c4abd441f43e64db043be4e2820e.png":{"logical_path":"icon/11.png","mtime":"2016-03-22T19:07:20+08:00","size":4063,"digest":"32705a9888b327d384b7aee5779869d6bd25c4abd441f43e64db043be4e2820e","integrity":"sha256-MnBamIizJ9OEt67ld5hp1r0lxKvUQfQ+ZNsEO+Tigg4="},"icon/12-5c6aabb4484cf371cbd95b220c9b443304c241b20f8ad8b7ecc8899a5132a154.png":{"logical_path":"icon/12.png","mtime":"2016-03-23T11:22:40+08:00","size":5107,"digest":"5c6aabb4484cf371cbd95b220c9b443304c241b20f8ad8b7ecc8899a5132a154","integrity":"sha256-XGqrtEhM83HL2VsiDJtEMwTCQbIPiti37MiJmlEyoVQ="},"icon/13-0517284a169d1529e12ef274b0b766f7b37c49a4b236fd26e9ba91c806ed899b.png":{"logical_path":"icon/13.png","mtime":"2016-03-22T19:20:35+08:00","size":4107,"digest":"0517284a169d1529e12ef274b0b766f7b37c49a4b236fd26e9ba91c806ed899b","integrity":"sha256-BRcoShadFSnhLvJ0sLdm97N8SaSyNv0m6bqRyAbtiZs="},"icon/14-def495fd1922675e41dfd75766ad340bdde08f8583819e527500276635c81d17.png":{"logical_path":"icon/14.png","mtime":"2016-03-22T19:21:14+08:00","size":4964,"digest":"def495fd1922675e41dfd75766ad340bdde08f8583819e527500276635c81d17","integrity":"sha256-3vSV/RkiZ15B39dXZq00C93gj4WDgZ5SdQAnZjXIHRc="},"icon/15-6b029b9c5cf7d665bcbc7e3ab1ee6f08f92654f1a5225d39262bd00d114b0992.png":{"logical_path":"icon/15.png","mtime":"2016-03-22T19:27:56+08:00","size":4340,"digest":"6b029b9c5cf7d665bcbc7e3ab1ee6f08f92654f1a5225d39262bd00d114b0992","integrity":"sha256-awKbnFz31mW8vH46se5vCPkmVPGlIl05JivQDRFLCZI="},"icon/16-df2d26a9745b0a449a5d1a5b6ffc2675ed4bf901a745603df8ad418b84c71f76.png":{"logical_path":"icon/16.png","mtime":"2016-03-22T19:06:59+08:00","size":4559,"digest":"df2d26a9745b0a449a5d1a5b6ffc2675ed4bf901a745603df8ad418b84c71f76","integrity":"sha256-3y0mqXRbCkSaXRpbb/wmde1L+QGnRWA9+K1Bi4THH3Y="},"icon/17-08b3077716604d02c82d96aa95f9b8656829fc792323db31eb309cc821a2355d.png":{"logical_path":"icon/17.png","mtime":"2016-04-17T15:40:14+08:00","size":6117,"digest":"08b3077716604d02c82d96aa95f9b8656829fc792323db31eb309cc821a2355d","integrity":"sha256-CLMHdxZgTQLILZaqlfm4ZWgp/HkjI9sx6zCcyCGiNV0="},"icon/2-62b5a035dd248aa0348b296a42b99087f2b1de1b59249418f9b5d768d2ce2a24.png":{"logical_path":"icon/2.png","mtime":"2016-03-22T19:30:11+08:00","size":3608,"digest":"62b5a035dd248aa0348b296a42b99087f2b1de1b59249418f9b5d768d2ce2a24","integrity":"sha256-YrWgNd0kiqA0iylqQrmQh/Kx3htZJJQY+bXXaNLOKiQ="},"icon/3-7ff2f5c176407ee26339901dbb9e3aa1ce6c92c70311f17d0e6e3bf580e4dd27.png":{"logical_path":"icon/3.png","mtime":"2016-03-22T19:32:33+08:00","size":4884,"digest":"7ff2f5c176407ee26339901dbb9e3aa1ce6c92c70311f17d0e6e3bf580e4dd27","integrity":"sha256-f/L1wXZAfuJjOZAdu546oc5skscDEfF9Dm479YDk3Sc="},"icon/4-d867fce59a337b65997cf49a1e09f6397804b359b84e0c9cccc6c37f5b52668d.png":{"logical_path":"icon/4.png","mtime":"2016-03-22T19:31:39+08:00","size":4393,"digest":"d867fce59a337b65997cf49a1e09f6397804b359b84e0c9cccc6c37f5b52668d","integrity":"sha256-2Gf85Zoze2WZfPSaHgn2OXgEs1m4TgyczMbDf1tSZo0="},"icon/5-0c86ba60bc35bc51de80c012db1026259936617319c2fdeebc6a119d8057bd6d.png":{"logical_path":"icon/5.png","mtime":"2016-03-22T19:36:11+08:00","size":4649,"digest":"0c86ba60bc35bc51de80c012db1026259936617319c2fdeebc6a119d8057bd6d","integrity":"sha256-DIa6YLw1vFHegMAS2xAmJZk2YXMZwv3uvGoRnYBXvW0="},"icon/6-20907ba4af59b0780899635ac9a80260e8dd05b6c661289a6dc486dc17a7624f.png":{"logical_path":"icon/6.png","mtime":"2016-03-22T19:34:58+08:00","size":4388,"digest":"20907ba4af59b0780899635ac9a80260e8dd05b6c661289a6dc486dc17a7624f","integrity":"sha256-IJB7pK9ZsHgImWNayagCYOjdBbbGYSiabcSG3BenYk8="},"icon/7-2d121ee25aafff9bee427c98e34799b46d43badc8efc3a18ff4d0b51f027128e.png":{"logical_path":"icon/7.png","mtime":"2016-03-22T19:34:32+08:00","size":5302,"digest":"2d121ee25aafff9bee427c98e34799b46d43badc8efc3a18ff4d0b51f027128e","integrity":"sha256-LRIe4lqv/5vuQnyY40eZtG1DutyO/DoY/00LUfAnEo4="},"icon/8-ab94eef0f8494a88cd1e23282ef5431eb9fe7a1d9fdf75a3a6e61cd2bdb64e38.png":{"logical_path":"icon/8.png","mtime":"2016-03-22T19:23:01+08:00","size":4330,"digest":"ab94eef0f8494a88cd1e23282ef5431eb9fe7a1d9fdf75a3a6e61cd2bdb64e38","integrity":"sha256-q5Tu8PhJSojNHiMoLvVDHrn+eh2f33WjpuYc0r22Tjg="},"icon/9-c16c3156ae3ef411014efc253be2f804ce588c3a4c911f84f1c5c83ffd335e68.png":{"logical_path":"icon/9.png","mtime":"2016-03-22T19:06:38+08:00","size":5305,"digest":"c16c3156ae3ef411014efc253be2f804ce588c3a4c911f84f1c5c83ffd335e68","integrity":"sha256-wWwxVq4+9BEBTvwlO+L4BM5YjDpMkR+E8cXIP/0zXmg="},"logo-ae8a227430d1769f9c6cda2c3b93b4cc53342e2d24b8f9dfa36bbfc1648241d7.png":{"logical_path":"logo.png","mtime":"2016-03-22T15:52:32+08:00","size":23590,"digest":"ae8a227430d1769f9c6cda2c3b93b4cc53342e2d24b8f9dfa36bbfc1648241d7","integrity":"sha256-rooidDDRdp+cbNosO5O0zFM0Li0kuPnfo2u/wWSCQdc="},"user_icon/default-7f00eadc74c4a16afec94a31176da644f8212b8187ac95a4407eff15d2552205.png":{"logical_path":"user_icon/default.png","mtime":"2016-04-21T19:31:21+08:00","size":2160,"digest":"7f00eadc74c4a16afec94a31176da644f8212b8187ac95a4407eff15d2552205","integrity":"sha256-fwDq3HTEoWr+yUoxF22mRPghK4GHrJWkQH7/FdJVIgU="},"application-e4b0eaf91c179d6666a2f3fc0e10ab7677a9de9d19f320ea8e20419e5fcb3897.js":{"logical_path":"application.js","mtime":"2016-04-24T17:32:46+08:00","size":163009,"digest":"e4b0eaf91c179d6666a2f3fc0e10ab7677a9de9d19f320ea8e20419e5fcb3897","integrity":"sha256-5LDq+RwXnWZmovP8DhCrdnep3p0Z8yDqjiBBnl/LOJc="},"application-3739b0b08649f90e74e44b208b5593cb6f6cdf1b9672167cbaf295c360997f73.css":{"logical_path":"application.css","mtime":"2016-04-22T01:51:47+08:00","size":147745,"digest":"3739b0b08649f90e74e44b208b5593cb6f6cdf1b9672167cbaf295c360997f73","integrity":"sha256-NzmwsIZJ+Q505Esgi1WTy29s3xuWchZ8uvKVw2CZf3M="},"bootstrap/glyphicons-halflings-regular-13634da87d9e23f8c3ed9108ce1724d183a39ad072e73e1b3d8cbf646d2d0407.eot":{"logical_path":"bootstrap/glyphicons-halflings-regular.eot","mtime":"2015-12-17T19:27:29+08:00","size":20127,"digest":"13634da87d9e23f8c3ed9108ce1724d183a39ad072e73e1b3d8cbf646d2d0407","integrity":"sha256-E2NNqH2eI/jD7ZEIzhck0YOjmtBy5z4bPYy/ZG0tBAc="},"bootstrap/glyphicons-halflings-regular-fe185d11a49676890d47bb783312a0cda5a44c4039214094e7957b4c040ef11c.woff2":{"logical_path":"bootstrap/glyphicons-halflings-regular.woff2","mtime":"2015-12-17T19:27:29+08:00","size":18028,"digest":"fe185d11a49676890d47bb783312a0cda5a44c4039214094e7957b4c040ef11c","integrity":"sha256-/hhdEaSWdokNR7t4MxKgzaWkTEA5IUCU55V7TAQO8Rw="},"bootstrap/glyphicons-halflings-regular-a26394f7ede100ca118eff2eda08596275a9839b959c226e15439557a5a80742.woff":{"logical_path":"bootstrap/glyphicons-halflings-regular.woff","mtime":"2015-12-17T19:27:29+08:00","size":23424,"digest":"a26394f7ede100ca118eff2eda08596275a9839b959c226e15439557a5a80742","integrity":"sha256-omOU9+3hAMoRjv8u2ghZYnWpg5uVnCJuFUOVV6WoB0I="},"bootstrap/glyphicons-halflings-regular-e395044093757d82afcb138957d06a1ea9361bdcf0b442d06a18a8051af57456.ttf":{"logical_path":"bootstrap/glyphicons-halflings-regular.ttf","mtime":"2015-12-17T19:27:29+08:00","size":45404,"digest":"e395044093757d82afcb138957d06a1ea9361bdcf0b442d06a18a8051af57456","integrity":"sha256-45UEQJN1fYKvyxOJV9BqHqk2G9zwtELQahioBRr1dFY="},"bootstrap/glyphicons-halflings-regular-42f60659d265c1a3c30f9fa42abcbb56bd4a53af4d83d316d6dd7a36903c43e5.svg":{"logical_path":"bootstrap/glyphicons-halflings-regular.svg","mtime":"2015-12-17T19:27:29+08:00","size":108738,"digest":"42f60659d265c1a3c30f9fa42abcbb56bd4a53af4d83d316d6dd7a36903c43e5","integrity":"sha256-QvYGWdJlwaPDD5+kKry7Vr1KU69Ng9MW1t16NpA8Q+U="},"doorkeeper/admin/application-63b91a1918b8597eeb6e7e48f73e2e4552b2ab37e75fd4f55abb3541a2dd441e.css":{"logical_path":"doorkeeper/admin/application.css","mtime":"2016-04-23T23:55:55+08:00","size":102144,"digest":"63b91a1918b8597eeb6e7e48f73e2e4552b2ab37e75fd4f55abb3541a2dd441e","integrity":"sha256-Y7kaGRi4WX7rbn5I9z4uRVKyqzfnX9T1Wrs1QaLdRB4="},"doorkeeper/application-0e1b6cf61a55f3335414f799c9935e3fbd5e51dc1120d99d0c9a82b3d4088b1d.css":{"logical_path":"doorkeeper/application.css","mtime":"2016-04-23T23:55:55+08:00","size":102754,"digest":"0e1b6cf61a55f3335414f799c9935e3fbd5e51dc1120d99d0c9a82b3d4088b1d","integrity":"sha256-Dhts9hpV8zNUFPeZyZNeP71eUdwRINmdDJqCs9QIix0="}},"assets":{"rails_admin/rails_admin.js":"rails_admin/rails_admin-8bf2e690927d2ede64cb708d4059719872840e8bff2bc37b1d7966ff77ebf532.js","rails_admin/rails_admin.css":"rails_admin/rails_admin-9b28ba8dbe6b692267c4aa4ff1e91286793e4d79507612098b903402c49d029c.css","rails_admin/aristo/images/bg_fallback.png":"rails_admin/aristo/images/bg_fallback-69fe09a001b1a5db2ea587c5ad86945184ca6d0768c6d8a78e744a5f2ba1d5fd.png","rails_admin/aristo/images/ui-icons_222222_256x240.png":"rails_admin/aristo/images/ui-icons_222222_256x240-ee747f0c248c797a4184589cb9921c9eae3e8a9982af90d7d1554949e72ba398.png","rails_admin/aristo/images/ui-icons_454545_256x240.png":"rails_admin/aristo/images/ui-icons_454545_256x240-5d0cf948d7765488899a06be518f8885ef572725e6d8a9733eab7e6b746fce11.png","rails_admin/aristo/images/icon_sprite.png":"rails_admin/aristo/images/icon_sprite-34a30806fcba43a2effc9739cb7a370a865199a7d38bfcbc7c2474ef3ff70ded.png","rails_admin/aristo/images/slider_handles.png":"rails_admin/aristo/images/slider_handles-c90007cd625a8a728d11b98eaf2dcef5578306f831c485244a3dd9fba3f5643c.png","rails_admin/aristo/images/progress_bar.gif":"rails_admin/aristo/images/progress_bar-a2ed712d76dcffc7a06918cd389511bca2cf7bb91c12b1d865bf44c7b2c46289.gif","rails_admin/multiselect/icon_sprite.png":"rails_admin/multiselect/icon_sprite-34a30806fcba43a2effc9739cb7a370a865199a7d38bfcbc7c2474ef3ff70ded.png","rails_admin/multiselect/ui-icon-circle-triangle-n-light.png":"rails_admin/multiselect/ui-icon-circle-triangle-n-light-e7daf3169259a9fd6b8177b8e89ff2b964cd3dababd580a46d7fb4eecc07763b.png","rails_admin/multiselect/ui-icon-circle-triangle-n-dark.png":"rails_admin/multiselect/ui-icon-circle-triangle-n-dark-3e5b4d04bfb41e949bf382d5c8796a57e820be71cbcf2a617e3d7cd082096b64.png","rails_admin/multiselect/ui-icon-circle-triangle-s-light.png":"rails_admin/multiselect/ui-icon-circle-triangle-s-light-19a2c581a24251e690ef20f702ed8ba36fd48f244f87512b8bcfecb486c9a04f.png","rails_admin/multiselect/ui-icon-circle-triangle-s-dark.png":"rails_admin/multiselect/ui-icon-circle-triangle-s-dark-23d5d567f5aa864475d96c07d6f5f1d4da4271ea7033f49438f4c05a74759424.png","rails_admin/colorpicker/select2.png":"rails_admin/colorpicker/select2-8ddf680d1a86d603653e43f694bbb6dc1010aa81f5c0c9c87181e10e064e503b.png","rails_admin/colorpicker/custom_background.png":"rails_admin/colorpicker/custom_background-94008c06d9c175f1ef2a50ecb47cb7c962e84f4b5f0e1cb093616925c58cb973.png","rails_admin/colorpicker/colorpicker_overlay.png":"rails_admin/colorpicker/colorpicker_overlay-e2ca63c25eaada26c255cf0561ba5041081d43735f990291c40b9fe93306c62b.png","rails_admin/colorpicker/colorpicker_select.gif":"rails_admin/colorpicker/colorpicker_select-980ae86d6aab751f6f67a1191d78c0fa54b533583456b905ec43b34d5806ee2d.gif","rails_admin/colorpicker/custom_indic.gif":"rails_admin/colorpicker/custom_indic-855f25240c8d3b60ecdf276eaea891a3325ed64d9a80a8c77c1e82e1dd408fea.gif","rails_admin/colorpicker/custom_hex.png":"rails_admin/colorpicker/custom_hex-1d4e85766443b6349adfc64d74f1ad65fba7aabf22e70dd0d09f1268ac66a4fa.png","rails_admin/colorpicker/custom_rgb_r.png":"rails_admin/colorpicker/custom_rgb_r-54289ccad89df00514d84ba6d16d1a0abc0d61de95dcfc054bf2202e238a7cb6.png","rails_admin/colorpicker/custom_rgb_g.png":"rails_admin/colorpicker/custom_rgb_g-8ab4d41c46fc26080b75eecc6f8c25d8f6db5264cf56ecc4993f86d100ebd71f.png","rails_admin/colorpicker/custom_rgb_b.png":"rails_admin/colorpicker/custom_rgb_b-22f2da1810cd9da18a1f93418b8f45bd3cb676aa9790ad5e1aba37779fb3ac31.png","rails_admin/colorpicker/custom_hsb_h.png":"rails_admin/colorpicker/custom_hsb_h-6e77fbf83a497dfd4ed3a12a1783edd9c8e38feac08bfbf469de89b75e3891aa.png","rails_admin/colorpicker/custom_hsb_s.png":"rails_admin/colorpicker/custom_hsb_s-6103d936e65bff097a72d04443a52428ecb6938909aa4c6a069f561303a8dc5d.png","rails_admin/colorpicker/custom_hsb_b.png":"rails_admin/colorpicker/custom_hsb_b-55152fc13f6cf9a7f21b30cf11acd09186e7f1e208d187086befb31bfa666b70.png","rails_admin/colorpicker/custom_submit.png":"rails_admin/colorpicker/custom_submit-5676ce2923afebd275c74baa8556fafde77085c59a4b2a76e50dc0195f388f19.png","fontawesome-webfont.eot":"fontawesome-webfont-e219ece8f4d3e4ac455ef31cd3a7c7b5057ea68a109937fc26b03c6e99ee9322.eot","fontawesome-webfont.woff2":"fontawesome-webfont-ff82aeed6b9bb6701696c84d1b223d2e682eb78c89117a438ce6cfea8c498995.woff2","fontawesome-webfont.woff":"fontawesome-webfont-c812ddc9e475d3e65d68a6b3b589ce598a2a5babb7afc55477d59215c4a38a40.woff","fontawesome-webfont.ttf":"fontawesome-webfont-7b5a4320fba0d4c8f79327645b4b9cc875a2ec617a557e849b813918eb733499.ttf","fontawesome-webfont.svg":"fontawesome-webfont-d67041fe5d50eef9ef671643968f7ce6b130eaaaaa2ce4d496b18d0a33aeb87b.svg","rails_admin/jquery.colorpicker.js":"rails_admin/jquery.colorpicker-a7ea0406b601416174a32afc58abfa980cda804b4999c6de5dc352b1fb522305.js","rails_admin/jquery.colorpicker.css":"rails_admin/jquery.colorpicker-948429d2d71cda1ec511884b9acb61832b86e631e18567e9f25ae4839a447a24.css","background.jpg":"background-fcb88933ccbebe2a54800e204c6ee21501351929c0b9e1f2d4dca555c3c43fe9.jpg","icon/1.png":"icon/1-eed40f5de1ece23059c0ece76d7847acc2dd7d0d3d7119ba026553c38fcdbe11.png","icon/10.png":"icon/10-a94c82ae58ddc3c4f2412d2ae6ef15c1649d0508431f00c13121ada5cb5cdc6d.png","icon/11.png":"icon/11-32705a9888b327d384b7aee5779869d6bd25c4abd441f43e64db043be4e2820e.png","icon/12.png":"icon/12-5c6aabb4484cf371cbd95b220c9b443304c241b20f8ad8b7ecc8899a5132a154.png","icon/13.png":"icon/13-0517284a169d1529e12ef274b0b766f7b37c49a4b236fd26e9ba91c806ed899b.png","icon/14.png":"icon/14-def495fd1922675e41dfd75766ad340bdde08f8583819e527500276635c81d17.png","icon/15.png":"icon/15-6b029b9c5cf7d665bcbc7e3ab1ee6f08f92654f1a5225d39262bd00d114b0992.png","icon/16.png":"icon/16-df2d26a9745b0a449a5d1a5b6ffc2675ed4bf901a745603df8ad418b84c71f76.png","icon/17.png":"icon/17-08b3077716604d02c82d96aa95f9b8656829fc792323db31eb309cc821a2355d.png","icon/2.png":"icon/2-62b5a035dd248aa0348b296a42b99087f2b1de1b59249418f9b5d768d2ce2a24.png","icon/3.png":"icon/3-7ff2f5c176407ee26339901dbb9e3aa1ce6c92c70311f17d0e6e3bf580e4dd27.png","icon/4.png":"icon/4-d867fce59a337b65997cf49a1e09f6397804b359b84e0c9cccc6c37f5b52668d.png","icon/5.png":"icon/5-0c86ba60bc35bc51de80c012db1026259936617319c2fdeebc6a119d8057bd6d.png","icon/6.png":"icon/6-20907ba4af59b0780899635ac9a80260e8dd05b6c661289a6dc486dc17a7624f.png","icon/7.png":"icon/7-2d121ee25aafff9bee427c98e34799b46d43badc8efc3a18ff4d0b51f027128e.png","icon/8.png":"icon/8-ab94eef0f8494a88cd1e23282ef5431eb9fe7a1d9fdf75a3a6e61cd2bdb64e38.png","icon/9.png":"icon/9-c16c3156ae3ef411014efc253be2f804ce588c3a4c911f84f1c5c83ffd335e68.png","logo.png":"logo-ae8a227430d1769f9c6cda2c3b93b4cc53342e2d24b8f9dfa36bbfc1648241d7.png","user_icon/default.png":"user_icon/default-7f00eadc74c4a16afec94a31176da644f8212b8187ac95a4407eff15d2552205.png","application.js":"application-e4b0eaf91c179d6666a2f3fc0e10ab7677a9de9d19f320ea8e20419e5fcb3897.js","application.css":"application-3739b0b08649f90e74e44b208b5593cb6f6cdf1b9672167cbaf295c360997f73.css","bootstrap/glyphicons-halflings-regular.eot":"bootstrap/glyphicons-halflings-regular-13634da87d9e23f8c3ed9108ce1724d183a39ad072e73e1b3d8cbf646d2d0407.eot","bootstrap/glyphicons-halflings-regular.woff2":"bootstrap/glyphicons-halflings-regular-fe185d11a49676890d47bb783312a0cda5a44c4039214094e7957b4c040ef11c.woff2","bootstrap/glyphicons-halflings-regular.woff":"bootstrap/glyphicons-halflings-regular-a26394f7ede100ca118eff2eda08596275a9839b959c226e15439557a5a80742.woff","bootstrap/glyphicons-halflings-regular.ttf":"bootstrap/glyphicons-halflings-regular-e395044093757d82afcb138957d06a1ea9361bdcf0b442d06a18a8051af57456.ttf","bootstrap/glyphicons-halflings-regular.svg":"bootstrap/glyphicons-halflings-regular-42f60659d265c1a3c30f9fa42abcbb56bd4a53af4d83d316d6dd7a36903c43e5.svg","doorkeeper/admin/application.css":"doorkeeper/admin/application-63b91a1918b8597eeb6e7e48f73e2e4552b2ab37e75fd4f55abb3541a2dd441e.css","doorkeeper/application.css":"doorkeeper/application-0e1b6cf61a55f3335414f799c9935e3fbd5e51dc1120d99d0c9a82b3d4088b1d.css"}}